<?xml version="1.0" encoding="UTF-8"?>
<beans:beans xmlns="http://www.springframework.org/schema/mvc"
			 xmlns:xsi="http://www.w3.org/2001/XMLSchema-instance"
			 xmlns:beans="http://www.springframework.org/schema/beans"
			 xmlns:context="http://www.springframework.org/schema/context"
			 xsi:schemaLocation="http://www.springframework.org/schema/mvc
			 		 http://www.springframework.org/schema/mvc/spring-mvc.xsd
			 		 http://www.springframework.org/schema/beans
			 		 http://www.springframework.org/schema/beans/spring-beans.xsd
			 		 http://www.springframework.org/schema/context
			 		 http://www.springframework.org/schema/context/spring-context.xsd">
			 					 
	<!-- 스캔한 패지키 내부의 클래스 중 Controller 어노테이션을 가지고 있는 클래스들을 Controller로 로딩하도록 한다 -->
	<annotation-driven/>
	
	<!-- 스캔할 bean들이 모여있는 패키지를 지정한다. -->
	<context:component-scan base-package="kr.co.ezen.controller"/>
	<context:component-scan base-package="kr.co.ezen.beans"/>
	
	<!-- Controller의 메서드에서 반환하는 문자열 앞 뒤에 붙힐 경로 정보를 셋팅한다. -->
	<beans:bean class="org.springframework.web.servlet.view.InternalResourceViewResolver">
		<beans:property name="prefix" value="/WEB-INF/views/"/>
		<beans:property name="suffix" value=".jsp"/>
	</beans:bean>
	
	<!-- 정적파일(이미지, 사운드, 동영상, JS, CSS 등등) 경로 셋팅 -->
	<resources mapping="/**" location="/resources/"/>
	
			 
</beans:beans>













